CustomerID,Name,Age,Gender,Location
1705736792,Rafael,57,F,Gomes
95,Elisa,49,F,Farias de Castro
8,Pedro Henrique,34,F,Garcia Alegre
4,Luiz Miguel,37,M,Pimenta
990,Lucca,41,M,Viana
262,Davi Lucas,50,M,Azevedo do Sul
-2147483648,Ravy,36,M,Borges
6,Luna,51,M,Cardoso do Oeste
507,Samuel,23,M,Leão
32,Arthur Gabriel,54,M,Pacheco de Cassiano
819345,Carolina,38,M,da Conceição de Campos
39521,Enzo,49,F,Nogueira das Pedras
3,Léo,38,M,da Costa
35,Luara,54,M,Sá
704,Maya,31,M,Campos de das Neves
5,Dom,29,M,Rios do Sul
7,Yasmin,26,M,Ramos
49930,Nina,20,F,Viana
74743,Clara,39,M,Câmara de Viana
11261,Maitê,33,M,Cardoso do Norte
9,Ágatha,45,F,Araújo
26,Benicio,53,F,Novais
2,Luna,37,M,Fogaça de Rocha
76,José Miguel,50,M,Lopes da Serra
69,Maria Eduarda,41,M,Lima
544,Vinícius,39,F,Monteiro
464613,Gabriela,50,F,Marques
6382,Felipe,37,F,Cardoso
1,Maria Alice,32,F,Mendonça
83441,Maria Luiza,43,M,da Rocha
448,Luan,43,M,da Luz Verde
0,Matheus,59,F,Gonçalves
363,Enzo Gabriel,48,F,Teixeira do Galho
58,Benjamin,36,M,Martins
94264,Manuela,39,M,Lopes das Flores
4518,Henry,20,M,Sampaio da Prata
9526,Melissa,42,M,Cunha Paulista
359,Vinícius,54,M,Caldeira
60,Maria Flor,50,M,da Cunha
3248,Agatha,54,F,Guerra
8502,Noah,46,F,Pastor
829,Felipe,52,M,Montenegro de Marques
48,Sarah,30,M,Aragão
666385,Vinicius,31,F,Marques Grande
20030,Larissa,60,M,Cavalcante
919822,Enzo,25,F,Borges
11290790,Pedro,53,M,Siqueira do Sul
28,Gustavo,40,F,Nogueira de Moraes
9350,Laís,59,F,Gonçalves de Fogaça
79,Bryan,42,F,Vargas da Praia
7092,Enrico,25,M,Fernandes Verde
57,Otto,45,M,Gonçalves Paulista
2071,Eduardo,21,M,Rocha de Santos
7495,Hadassa,34,F,Moura Paulista
8273,Asafe,26,F,Machado
22,Cauê,27,M,Abreu de Cassiano
1655,Vinícius,60,M,Pires
8501353,Isabel,29,F,Pacheco das Pedras
97,Vinícius,30,F,Pacheco
794,Olívia,29,M,Fernandes do Oeste
8880,Ana Clara,28,F,Porto do Oeste
607,Miguel,54,M,Santos de Sá
51,Ester,22,M,da Costa de Fernandes
39,Matteo,47,F,Carvalho Paulista
139,Bryan,44,M,Brito
73932,Enzo,33,F,Cavalcanti
709,Isaque,22,M,Marques do Norte
29,Milena,35,M,Marques da Praia
11,Lorena,42,M,Monteiro
2324,Bruna,50,F,Sá do Oeste
392,Enzo,53,F,Nunes
80,Henry,42,M,Gomes
43,Mariana,22,F,Andrade
40,Alice,54,F,Almeida
10,Ana,34,M,Teixeira Verde
55653,Davi Lucca,32,M,Ramos
73,Vitor Gabriel,44,M,Peixoto
490,Rodrigo,23,M,Moraes
31,Maria Fernanda,33,M,Camargo
306,Caleb,57,F,Novaes de Farias
99,Renan,40,M,Machado de Lima
17,Lívia,47,F,Oliveira da Mata
826,Mateus,18,F,Mendonça de Teixeira
30,Manuella,52,F,Pinto
939,Júlia,33,F,Rocha de Minas
25182956,Olívia,30,M,da Cruz
4585544,Valentim,45,F,Silva de Goiás
9327,Evelyn,23,M,Cardoso
14,Caroline,26,M,Sá
18,Ana Carolina,54,F,Garcia
51768,Valentim,52,F,Marques de Camargo
92592,Maria Helena,22,F,Santos
6956489,Henrique,19,M,Barbosa
98,Marina,37,F,Lopes Grande
202,Levi,47,F,Porto da Mata
167380,Enzo Gabriel,46,F,Câmara
987,Joaquim,37,F,da Rocha das Pedras
344,Maitê,39,F,Cardoso da Mata
90,Anna Liz,37,F,Oliveira
23,Manuella,57,F,Moura
53,Emanuel,23,F,Fernandes
45,Lucas Gabriel,50,F,da Rocha
21637,Mariah,39,F,Monteiro
129029151,Valentina,29,M,Barros de Almeida
34,Bruna,39,M,Carvalho
378,Diego,23,F,da Mota do Norte
728,Caleb,40,F,Peixoto
9171,Melissa,39,F,Marques Verde
44,Nina,27,F,Rodrigues
81,Mateus,32,M,Camargo do Norte
4133,Bernardo,22,F,Lima
959,Luiz Fernando,40,F,Araújo do Amparo
88,Matteo,44,M,Rezende
4496,Yan,50,M,das Neves
147,Lunna,50,M,Freitas
4718,Olivia,43,F,Moura
221,Marcela,24,F,Brito
81635,Ryan,26,F,Almeida
13,Mariana,39,F,Pimenta
1948,Bárbara,41,M,Pastor
68,Anthony,37,F,Monteiro
12,João Gabriel,19,F,Viana do Sul
26191,Rhavi,24,M,Fonseca
795649,Samuel,19,M,da Rocha
6027,Ana Clara,23,F,Araújo de Barros
454,Elisa,22,F,Teixeira
59,Cauã,57,F,Alves
46,Ana Beatriz,24,M,Sousa Alegre
89,João Lucas,32,F,Mendes
7247,Julia,48,M,Silva da Praia
14807,Ana Clara,56,F,Casa Grande do Campo
6764,Ryan,42,M,Camargo do Oeste
19,Davi,41,F,Moreira
87,Gabriela,30,M,Melo
903,Maitê,39,M,Guerra dos Dourados
75,Felipe,45,F,Abreu
30394128,Nicolas,42,M,Rocha de Aragão
12118,Kamilly,48,F,Rezende de Pacheco
2879,Theodoro,59,M,Santos das Pedras
2013709,Daniela,31,F,Albuquerque Alegre
672,Emilly,56,F,Pires de Goiás
582,Kaique,58,M,Montenegro de Porto
672994,Maria Luiza,47,F,Duarte
2811949,Ana Cecília,38,M,Vieira
6016937,Ravi,60,F,Ramos
5868162,Rafael,49,F,da Rocha da Serra
56,Thiago,52,M,Vasconcelos
266018,Marina,38,F,Marques
904325,Valentina,56,F,Marques do Amparo
206,Apollo,37,F,Albuquerque
673,Luna,48,M,Sales
72,Levi,58,F,Dias
5795,Vinicius,41,M,Macedo
324,Noah,26,F,Azevedo
8422,Nicole,22,F,da Mota das Pedras
66764,Maria Cecília,22,M,Pimenta
74597,Luísa,41,F,Santos
105,Manuella,40,F,Azevedo de Oliveira
9091,Eduardo,29,M,Dias
199,Helena,27,F,Nunes do Norte
417,Gael Henrique,37,M,Novais do Campo
77,Isis,33,F,Borges
193,Valentina,22,F,Pereira da Praia
659146,Nathan,19,F,Cunha
295,Guilherme,52,F,Freitas
556,Maria Alice,40,M,Rezende
99103,Gustavo,37,F,Santos do Galho
19904,Sabrina,47,F,Machado
3328,Benjamim,51,M,Peixoto
314,Henry,54,M,Campos de Minas
874,Luigi,29,M,da Luz
6493977,Isabel,31,M,Costela
238,Ana Sophia,38,M,Cunha Verde
758,Ana Sophia,58,F,da Cruz
47,Luna,23,M,Moraes das Flores
810569,Ana,39,M,Castro
93,Maria Sophia,23,F,Guerra
601,Isabel,27,F,Sampaio Paulista
5818,Anna Liz,50,F,Porto
815,João Lucas,24,M,Guerra
1521,Elisa,28,F,Cavalcanti da Mata
138376,Natália,18,M,Silva de Mendonça
291,Clara,40,F,Macedo
779,Ana Laura,32,F,Cassiano da Serra
29584,Yasmin,36,M,da Paz de Minas
62634,Larissa,34,M,Machado
29192,Ana Julia,55,M,Nunes
176449,Cecília,52,M,Casa Grande de Rezende
475,Olivia,23,F,Silveira
9517,Lavínia,53,F,Souza
497,Thales,37,F,Mendonça
5728,Luiza,34,M,Duarte
765,Noah,50,F,Aragão
7590,Luiz Otávio,25,F,Aparecida de da Cruz
532850807,Bianca,49,M,Sousa da Praia
619,Heloisa,46,F,Caldeira de Costa
768510147,Cecilia,20,F,da Conceição do Norte
994,Ana Sophia,18,M,Alves do Sul
4260055,Kevin,57,M,Sousa das Pedras
195,Rafael,24,F,Cunha
630,Ana Beatriz,18,F,Ferreira do Campo
250573702,Rhavi,49,M,Andrade de Rodrigues
24,Marina,34,M,Pimenta Grande
1929,Elisa,28,F,Novais
19313,Sarah,38,M,Silveira
338,Lavínia,32,M,Pinto
4080,Agatha,50,M,Sousa Verde
404,Antônio,26,F,Jesus de Minas
7244,Lucas Gabriel,51,M,Rodrigues das Flores
3556746,Catarina,50,F,Camargo
891,Bruno,23,F,Vasconcelos da Prata
964,Raquel,41,M,da Conceição
7786,Daniela,29,F,Ribeiro
49,Elisa,42,F,Moraes dos Dourados
91,Breno,29,M,Guerra
36,Noah,22,M,Machado Paulista
33034,João Lucas,44,F,Albuquerque
721,Levi,34,F,Macedo dos Dourados
2271891,Kamilly,56,F,Campos
282,Gabrielly,28,M,Fogaça de Costela
989188,Rael,57,F,Costa
527,Vicente,28,F,Souza
347,Isis,41,M,Moraes
7003,Amanda,28,M,Aparecida Paulista
2567,José,27,M,Alves da Serra
96,Marcela,43,F,Castro das Pedras
280,Laís,54,M,das Neves de Moura
7805799,Antonella,40,F,Rezende Verde
74648497,Raquel,57,M,Melo do Sul
185,Alice,26,M,da Rosa de Silva
476,Arthur,30,M,Ribeiro Paulista
952,Ana Luiza,49,F,Lopes
9513,Vitor Gabriel,19,M,da Mata
923817663,Henrique,39,F,da Cruz
5482,Julia,20,M,Aragão das Pedras
91960562,Yan,52,F,Duarte das Pedras
66,Henrique,23,M,da Mata
81352,João,26,M,Fogaça do Sul
75285,Maria Julia,47,M,Teixeira de Teixeira
270,Aurora,56,M,Souza de Santos
2236160,Gabriel,33,F,Marques da Praia
7121281,Bianca,46,F,Costa das Flores
700,Hadassa,56,F,Fogaça
5870618,Marcela,34,F,Pastor do Campo
33,Ana Lívia,20,M,Teixeira
1396,Maria Alice,55,M,Fonseca
8794,Calebe,18,M,das Neves
995,Laís,31,F,Pereira das Flores
2665601,Ana Carolina,29,M,Siqueira
4557,Ravy,24,M,Campos
190,Antony,60,F,Costela
1508,Raquel,46,F,Rocha do Galho
3119,Léo,19,M,da Rosa
48088383,Bruno,38,M,Fernandes de Goiás
141,Luna,40,M,Aragão de Pinto
5764116,Pietro,28,F,Sá
468,Melissa,42,M,Albuquerque das Pedras
1332,Caroline,40,F,Azevedo Verde
1403,Caroline,31,M,Porto
20609,João Vitor,41,F,Andrade de da Mota
92,João Felipe,18,M,Sales de Goiás
367,Natália,27,F,Casa Grande do Galho
37,Carolina,48,F,Teixeira
6756570,Maria Fernanda,49,F,da Costa Paulista
68629,Luiz Henrique,51,F,Rocha de da Rocha
569,Eduarda,21,F,Nogueira
54,Maysa,19,F,Fernandes
848,Bruno,39,F,Vieira
76412,Cauê,42,F,Cavalcanti
27,Sophie,27,F,Sampaio
8085,Augusto,21,M,Pimenta
68788413,Renan,43,M,Nascimento da Prata
3680,Stella,20,F,Nunes
695,Maria Isis,58,M,Martins
88456162,Caleb,19,F,da Luz das Flores
729,Henrique,52,M,Duarte da Praia
8385822,Luiza,33,F,Moraes do Norte
52367,Oliver,41,F,Freitas das Flores
857,Samuel,30,F,Rocha do Campo
563,Rafael,37,F,Fernandes
7544,João Pedro,53,F,Fernandes Verde
85263,Olívia,36,M,Borges
5210,Gael,58,F,Cardoso da Serra
275,André,40,F,Brito
436,Maria Luísa,51,M,Pacheco do Oeste
493,Allana,23,F,da Paz
70,Luara,54,M,Casa Grande de Costa
297,Laura,19,M,Porto de Pereira
4754,Yasmin,20,F,da Paz
1700,Paulo,50,F,da Paz do Galho
607812,João Miguel,23,F,Silveira do Sul
208,Fernanda,46,F,Castro
9694503,Eduardo,18,F,Alves de Campos
39737,Gabriela,55,F,Barros
21,Ísis,32,F,Dias de das Neves
24330,Nina,60,M,Peixoto do Sul
825,Leonardo,36,M,Siqueira de Rezende
490642497,Francisco,19,M,da Rocha
411507495,João Pedro,52,F,das Neves de Sales
5201,Heloísa,24,M,Albuquerque do Campo
4713,Isabelly,24,F,Rezende de da Mota
406339,Danilo,52,M,da Rocha do Amparo
858,Lorena,49,F,Nogueira de Aparecida
9718,Ryan,41,F,Gomes
4212,Thomas,42,M,Costa
65,Nicole,60,F,Araújo de Cavalcanti
259211513,Arthur Miguel,25,M,Vasconcelos do Galho
823,Beatriz,20,M,da Rocha Verde
5945,Hadassa,19,M,Albuquerque de Goiás
9973,Maria Sophia,42,F,Fernandes do Norte
62,Kaique,36,M,Novaes Paulista
75163160,Rafaela,41,M,Guerra de da Cruz
31443,Vitória,35,M,Andrade de Sousa
511,Luiz Miguel,40,M,Marques do Campo
301,João Gabriel,23,M,Martins Grande
9452,Melissa,35,F,Cavalcante
63,Guilherme,19,M,Macedo da Prata
8084,Pietro,33,M,Borges
5260,Matheus,31,F,Rocha
403,Olívia,40,M,Pimenta
7607866,Samuel,56,F,Aragão
203,Olivia,45,F,Fernandes de Pastor
316567149,Ana Beatriz,38,F,Jesus de Martins
2921,Emilly,27,M,Viana de Leão
42123,Eloah,32,F,Teixeira
624359,Ana Laura,52,F,Casa Grande de Montenegro
7630,Benício,35,M,Câmara
305,Daniela,26,M,Mendonça de da Cruz
45152,Alana,51,F,Rios de Rodrigues
154,Allana,25,M,Ferreira
6239,Benício,40,F,Azevedo do Campo
425,Stella,34,F,Campos
25,Ana Julia,29,M,Ribeiro
679,Ágatha,21,M,Martins
558,Luan,48,M,Pimenta
575,Paulo,25,F,Ferreira
3614474,Ana Sophia,32,F,Martins
42,Ana Carolina,21,M,Fogaça da Mata
739,Igor,27,M,Montenegro de da Conceição
7197,Vitor Gabriel,42,M,da Luz
341,Luiz Miguel,25,F,Viana do Amparo
4061,Natália,51,M,Mendonça
8093190,Isaac,30,F,Monteiro de Vieira
400638,Emanuelly,38,M,Silveira do Oeste
74,Heitor,53,F,Machado de Caldeira
808,Gael Henrique,38,M,Porto de Farias
2997,Arthur,40,F,Santos
5400539,Asafe,41,F,da Rocha do Oeste
1142,Isabelly,30,M,Melo
73287,Paulo,57,M,Borges
771,Manuella,44,M,Camargo do Sul
84,Isaac,55,M,Barros
689,Larissa,24,F,Rios
727204,Guilherme,49,M,Castro das Flores
369,João Miguel,33,F,Freitas
4759,Liam,60,F,Sousa
74815,José Miguel,50,F,Rios do Galho
6163,Sophia,48,F,Costela
3193743,Benjamin,24,F,Souza
7885,Pedro Henrique,37,M,da Mata de Costela
5826132,Kevin,19,M,Teixeira
514,Davi Luiz,51,M,Rezende
1310,Joaquim,31,F,da Cruz
6745,Danilo,49,F,Costela
956,Vitória,49,M,Moreira do Galho
537177,Miguel,46,M,Mendonça da Prata
257,Kamilly,41,M,Lopes
3270,Milena,31,M,da Luz
55,Pietro,44,F,Pacheco
387213,Oliver,24,M,Souza
586,Vitor Gabriel,39,M,Cunha
20,Davi,57,F,Cirino
260060,Anthony Gabriel,32,F,Sampaio das Flores
9694,Valentina,49,F,Aragão
800,Eduardo,52,F,Melo
18157,Daniel,51,M,Aparecida
94,Joana,51,M,Moreira de Fernandes
348042376,Ágatha,23,F,Freitas de Lima
9104,Emanuel,55,F,Silva da Mata
24798,Ana Beatriz,60,F,Macedo
589,José Miguel,40,M,Cardoso
82,Valentim,43,F,Pereira de Dias
405,Isaque,40,M,Sá da Praia
3572,Ester,60,F,Pereira das Pedras
67737,Luan,38,M,Leão
8745,Leandro,33,F,Fogaça Verde
398,Danilo,53,M,Monteiro de Ribeiro
882230904,Vitor Gabriel,58,F,Machado
4069,Joana,18,F,Gonçalves
724,Vinicius,29,M,Pacheco
67,Sarah,37,M,Aparecida
313,Oliver,48,F,Aparecida do Oeste
176,Julia,36,M,Macedo
9391951,Ana Luiza,33,M,Araújo de Garcia
31603,Vicente,51,M,Montenegro
553,Isabelly,21,F,Dias Paulista
5904478,Hadassa,32,F,Casa Grande
272,Cecilia,57,F,Teixeira Verde
71652,Brenda,41,M,da Rocha
23844,Olívia,50,M,Rezende
61253016,Bianca,20,F,Costela
2205,Miguel,48,F,Mendonça dos Dourados
924,Mathias,36,M,Dias de da Rosa
57019,André,46,F,Castro
16,Marcelo,26,F,Moreira
833,Ana Clara,22,M,Aragão
169,Ana Sophia,30,M,Santos
218567,Maria Flor,40,F,das Neves
171601765,Augusto,47,F,Martins do Campo
3487,Luna,43,F,Moraes
255,Carlos Eduardo,31,F,Porto
2978,Ana Luiza,51,F,Farias
83,Lucas,51,M,Lima de Goiás
7315,Beatriz,52,F,Ramos
720,Oliver,29,F,Sousa
38,Arthur,57,M,Freitas da Mata
594590,Vitor Gabriel,60,M,da Paz
750,Olívia,55,F,Lima
9827,Apollo,42,F,da Mota
5240,Maria Cecília,22,M,da Cunha
8995,Mathias,43,F,Borges do Amparo
5787,Maria Eduarda,57,M,Novaes
9154811,Davi,32,M,Montenegro da Prata
7543,Maria Flor,23,F,Guerra de Brito
807,Cauê,55,F,Camargo das Flores
327743,Ana Sophia,41,F,Ferreira do Campo
935,Josué,44,M,Fogaça Grande
230,Cecilia,57,M,Campos
3890640,Maria Sophia,56,M,Silveira do Sul
988426,Antonella,19,F,Rocha de Mendes
6634,Augusto,49,M,Abreu
35354,Henrique,21,F,da Rosa
971,Ravi Lucca,53,F,Pereira do Sul
31306647,Ian,58,F,Silveira de Pacheco
831,Ana Liz,57,M,Abreu
8983,Theodoro,40,F,da Costa Verde
9725,Jade,29,F,das Neves do Amparo
70539,Vinicius,26,M,Oliveira Verde
143,Carlos Eduardo,29,F,Nascimento
78,Clara,28,M,Andrade Paulista
709940,Isaac,41,F,Teixeira
472828,Alexia,30,F,Almeida das Flores
788719,Ravi,20,M,Martins
50108,Vitor Gabriel,30,F,Teixeira
68077,Benício,49,F,Macedo
2271,Marcelo,47,M,Rios do Oeste
485,Arthur Miguel,34,F,Andrade
9255,Davi Lucas,27,M,Cunha
274212,Vitor,54,M,Câmara de da Rosa
280138,Marina,26,F,Teixeira do Sul
6779,Valentim,38,M,Borges
30869,Oliver,22,M,Camargo
9738,Maria Flor,20,F,Martins de Goiás
71,Lívia,41,M,Cassiano
592,Thales,53,F,Jesus
161,Vitor Gabriel,18,F,Fonseca Grande
85,Calebe,58,F,Siqueira das Flores
164,Luiza,22,M,Albuquerque
44076,Ana Sophia,34,F,Ramos
7368610,João Felipe,49,F,Cirino
69106,Letícia,38,M,Sampaio da Prata
6933,Mariana,57,M,Araújo das Flores
48975,Sophia,40,F,Araújo da Prata
223,Maria,50,F,Moreira
283,Aylla,33,M,Mendes
4876,Valentina,56,F,Sá
8646,Lorenzo,36,F,Castro
780,Letícia,48,F,Sá de Rodrigues
127643,Marina,46,M,Cavalcante do Amparo
889,Melissa,30,M,Rodrigues
543948,Isabella,60,F,Garcia do Amparo
284,Maysa,56,M,Montenegro do Campo
304469,Breno,43,M,Sales do Oeste
8225,Maria Helena,38,F,Melo
9976,Alana,36,F,Novaes do Galho
782908,Maria Júlia,53,M,Carvalho de Minas
97617,Thiago,26,M,Azevedo
599785,Luara,50,F,Aragão
9426287,Yasmin,37,M,Campos do Amparo
40038249,Clara,45,F,Monteiro
5644,Agatha,32,M,Machado
2509108,Sophia,42,M,Oliveira Verde
870,Ana Luiza,52,M,Sá do Galho
279868,Ayla,52,F,da Conceição
54402,Davi Miguel,45,M,da Cunha
86623,Benicio,24,M,Monteiro da Prata
41059,Aylla,59,F,Pacheco dos Dourados
715,Eloá,29,F,Macedo
21760,Lorena,28,M,Duarte de Porto
177165,Bryan,35,F,Garcia
428,Enzo Gabriel,51,F,Alves de Rodrigues
859,Lunna,34,F,Farias de da Rocha
51645,Vitor,42,F,Moraes
3809,Vinícius,52,M,Caldeira da Serra
5362,Vinicius,50,M,Garcia da Mata
2947,Mariah,22,F,Garcia
5602,Natália,19,F,Rocha do Oeste
936,Augusto,44,F,Montenegro Grande
647767,Eduarda,24,F,Jesus de Costa
89844,Ana Luiza,52,M,Jesus
4107632,Luiz Otávio,56,F,Vargas
373,Heloisa,48,F,Nascimento
584021933,Alexandre,37,M,Cardoso
49933,Ravi Lucca,55,F,Novaes do Campo
40944,Ágatha,53,M,Siqueira
784,Vitória,37,M,Santos
2357,Letícia,50,F,Barros
875,Maria Vitória,46,M,Pacheco Paulista
1820,Antony,44,F,Monteiro do Oeste
64,Cauã,38,F,Guerra
663,Nicolas,43,M,Silva
273,Júlia,54,F,Cavalcante
62897,Alexandre,29,M,Novaes do Galho
3395,Emilly,42,F,Fonseca da Praia
622,Ryan,18,F,Gonçalves
17747,Jade,43,M,Gonçalves
66260,Milena,51,M,das Neves das Pedras
333,Diogo,56,F,Cavalcante
5544,Davi Lucca,19,M,Pimenta
82645,João Felipe,59,M,Monteiro dos Dourados
963,Valentina,19,M,Campos da Mata
18693,Caleb,47,F,Cavalcanti
4306,Bruno,39,M,Aparecida de Goiás
523572,Maria Sophia,35,F,Farias
540397,Yago,35,M,Monteiro
317449879,Maria Isis,26,F,Câmara do Campo
14599,Cauê,36,F,Rocha
47570,Thales,18,M,Vasconcelos de Duarte
4111,Luana,31,F,da Paz
84328,Isadora,28,F,Cardoso de Cavalcante
74307,Sarah,46,M,Rocha da Mata
182,Diego,31,M,Fogaça Verde
62813156,Heloisa,56,M,Pimenta
256,Guilherme,30,F,Mendes da Prata
603,Marcos Vinicius,51,M,Andrade do Galho
207951,Leandro,53,M,Viana
86,Diogo,30,F,da Rosa do Sul
98905,Bella,51,F,Souza de Leão
317,Ana Julia,43,F,Cavalcanti Alegre
747370,Helena,30,F,Barbosa de Minas
495862,Raquel,42,M,Sales
46710,Pietro,24,F,Ribeiro do Sul
24392461,Emanuella,49,F,Aparecida
6065,Anthony,18,M,Teixeira
212,Joana,47,F,Montenegro de Goiás
14625,Guilherme,40,M,Pastor
25131,João Pedro,20,M,Vieira do Amparo
629,Ana Lívia,55,M,Silva Paulista
2666376,Luiz Otávio,47,F,Araújo da Serra
2189,Emanuella,36,F,Moraes do Amparo
1933,Benjamim,51,M,Garcia do Campo
90914277,André,24,M,Melo da Serra
512,Maria Cecília,58,M,Fogaça da Praia
226,Bruna,26,F,Pacheco
898316,Nicolas,42,F,Camargo de Goiás
241,Alice,40,M,Costa
1719,Maria Alice,38,M,Novaes do Norte
7301,Antonella,49,M,Nogueira do Norte
9588,Luara,43,M,Mendes
564477,Breno,54,M,da Mota
611,Asafe,50,F,Moreira
311853,Enrico,50,M,Cirino do Oeste
178,João Felipe,49,M,Siqueira do Oeste
423,Asafe,33,F,Vargas das Flores
29537,João,21,F,Freitas Verde
731,Noah,53,M,Farias
9388,Kaique,42,F,Castro Verde
1904,Maria Cecília,33,M,Viana de Cirino
742,Ayla,54,F,Barros
697868,Pietra,24,F,Macedo de Goiás
928,Liam,35,M,Caldeira
6667,José Pedro,48,M,Pimenta
940,Maria Luiza,53,F,Caldeira
8057,Igor,52,F,Fernandes
761328,Ágatha,45,M,Campos das Flores
5959,Liam,41,M,Cirino
76634,João Guilherme,25,F,Moraes do Oeste
2336,Otto,58,F,Martins do Campo
909,Maria Cecília,52,F,Leão do Sul
342,Samuel,40,F,da Mota
5914647,Ana Carolina,49,F,Câmara de Rios
254,Benjamim,47,F,Ramos
340,Caroline,50,F,Porto
97681,Larissa,39,M,Lopes de Cavalcante
66818,Manuella,49,F,Siqueira
774,Maria Vitória,28,M,Vargas
150,Cauã,31,M,Gonçalves do Norte
172,Isabela,38,M,da Luz Verde
34719271,Maria Clara,32,M,Costa
678782,Yasmin,37,M,Andrade da Praia
2687,Maria Alice,21,F,Almeida
732,Manuella,21,M,Machado
830481,Marcos Vinicius,52,F,Garcia
819,Melissa,38,F,da Paz
7058,Amanda,29,F,Ribeiro dos Dourados
309,Bella,44,M,Vargas
818639,João,52,M,Rios Alegre
50730,Luiz Henrique,30,F,Cirino de Mendonça
127,Cecilia,47,M,Novais
83971,Maria,27,F,Casa Grande
52,Amanda,54,F,Moreira
88351,Ana Julia,30,M,da Cruz Verde
7243,Cauê,42,F,Azevedo
638,Maria,19,M,Duarte da Praia
618017,Otávio,20,F,Pimenta de Cunha
290,Maria Sophia,28,M,Cardoso
477,Rodrigo,38,F,Montenegro
646,Aylla,55,F,Carvalho
407,Otávio,43,F,Melo da Praia
9851,Kaique,27,F,Correia
8551,Juliana,58,F,Martins
839,Manuela,54,M,Pimenta
795795252,Ana Cecília,18,F,Campos
34715,Kevin,45,F,Mendes das Flores
9334330,Emanuelly,27,M,Silveira
60622,Arthur Gabriel,52,M,Montenegro Grande
292,Benjamin,34,F,Barros
7201,Alexia,43,F,Marques das Flores
77001,Manuela,36,F,Gonçalves dos Dourados
813,Eduardo,39,M,Andrade da Mata
76029,Joana,22,F,Cassiano da Serra
250,Luiza,19,M,da Rosa de Araújo
110,Miguel,35,F,Sales
124516,Rafael,52,M,Lima
391,Heloísa,33,F,Peixoto de Minas
7513,Luiz Fernando,32,F,Borges do Amparo
15,Dom,59,F,Marques do Norte
3434,Marina,43,M,Porto da Prata
546538,Luiz Otávio,57,F,Alves de Minas
632,Ayla,45,M,Souza
3999,José Pedro,35,F,Farias
4374,Catarina,36,F,Melo do Galho
4889550,Clara,41,M,Rodrigues
234,Lavínia,18,M,Alves
6255,Ana Sophia,36,M,das Neves de Martins
9021,Eloah,29,M,Sampaio Verde
993,Cauã,44,F,Nascimento
1981777,Davi Lucas,60,M,Barbosa do Galho
7650,Brayan,41,F,Freitas das Flores
803761,Henrique,50,M,da Mota
896835,Calebe,28,F,Cardoso
4156261,Luiz Gustavo,35,M,Leão
9419,Lorena,60,F,da Rosa Verde
698,João,34,M,Cassiano do Sul
328,Luara,43,F,Abreu
799,Ana Liz,19,F,Pires do Amparo
86111,Eloá,26,F,Barbosa das Pedras
343,Bruna,54,M,Vargas do Galho
168,José Miguel,28,M,Monteiro
61,Diego,24,F,Ferreira Alegre
14617,Antony,54,F,da Rocha
9027719,Ryan,32,F,Sá
171,Gustavo,37,M,Sá de Goiás
746,Ágatha,25,F,Fernandes de Brito
5662,Carlos Eduardo,18,M,Duarte da Mata
866,Henry,19,F,Duarte
4809,Dante,23,M,Lopes da Mata
50,Vitor,20,F,Aparecida
8181,Isaac,43,F,Moraes do Amparo
770,Davi Lucca,32,F,Castro de Caldeira
23537,Ana Lívia,21,M,da Conceição de Rodrigues
806,Isis,35,M,Mendonça da Serra
459395025,Liam,44,M,da Conceição
6898531,Bernardo,43,M,das Neves
692,Stephany,37,F,da Rocha das Pedras
18789682,Milena,30,F,Ribeiro
986,Leandro,56,M,Moraes da Prata
7094,Maria Vitória,47,F,Almeida
3359528,Oliver,34,M,Nascimento
97184,Helena,58,F,Azevedo
213,Emilly,20,F,Abreu
8452,Gustavo Henrique,49,M,Costa de Souza
1046,Laís,31,M,Rocha dos Dourados
988,Luna,58,M,Martins
155229,Levi,58,F,Cavalcanti Grande
708,Mathias,54,F,Leão
3419,Maria Luiza,34,M,Montenegro da Mata
871,Carolina,42,F,Cardoso do Sul
57685,Ana Luiza,59,M,Viana
355,Ana,20,F,Lopes
6452,Léo,24,F,Pimenta
3356,Ana Lívia,45,F,Sousa
702479,Olívia,33,F,Novaes do Oeste
58143585,Benjamim,52,M,Fernandes da Prata
2063,Rhavi,50,M,Leão
170057,Juan,48,M,Guerra
613,Vicente,32,F,Souza
62746,Apollo,46,M,Melo
2310,Léo,56,M,Novais
8449543,Liz,25,F,Fonseca
783,Letícia,41,F,Lopes
64853,Vinícius,24,M,Vargas do Oeste
5882,Bella,42,M,Moura
9874530,Kamilly,22,F,Vargas de Goiás
554,Anthony Gabriel,19,F,Pereira da Serra
22156711,Josué,55,M,Carvalho do Norte
46425,João Felipe,30,F,Aragão
480,Bento,51,M,Guerra de Siqueira
419,Liz,51,M,Siqueira
691,Ana Cecília,39,M,Porto
425221,Beatriz,24,M,Araújo de Siqueira
1310914,Leonardo,49,M,Rezende dos Dourados
844,Pedro Lucas,48,M,da Rocha da Prata
851,Antony,30,M,Garcia
615084,Maria Alice,53,M,Marques
703,Giovanna,30,F,Caldeira das Pedras
389,Ana Lívia,59,M,Silveira
8446,José Miguel,41,F,Cavalcante
2290,Allana,34,F,Vargas
803,Henrique,35,F,Freitas da Mata
501,Eloah,40,F,Vieira do Campo
1611268,Evelyn,43,M,da Conceição da Prata
232,João Felipe,37,M,Lopes da Mata
130,Henry Gabriel,34,F,Cassiano do Galho
505,Lara,42,M,Dias de Silveira
557572,Kevin,49,M,Alves
33994,Maysa,58,M,da Costa
19169,Ayla,53,M,Nunes
686,Heloísa,52,F,Silva Paulista
229,Ágatha,43,F,Vargas das Flores
1893379,Gustavo,33,F,Carvalho de da Rocha
701,Ayla,37,M,Jesus
775,Hellena,45,F,Rodrigues
450619,Maria Laura,36,F,Ribeiro
437,Miguel,52,M,Vargas
4420030,Bárbara,41,M,da Luz
968,Kaique,56,M,Oliveira
6677,Maria Alice,25,F,Cardoso de Gomes
1110,Maria Eduarda,53,M,Porto do Campo
7331,Ravi Lucca,24,F,Vargas do Amparo
49119,Amanda,47,M,Andrade
669,Léo,46,F,Pacheco da Mata
56008,Clara,19,F,Garcia
3754211,Pedro Lucas,35,F,da Luz de Vargas
41,Maria Vitória,52,M,Gomes de Cavalcanti
296230692,Luiza,49,F,Pacheco
900,Maria Júlia,27,M,Correia do Oeste
6772613,Vitória,21,M,Pacheco
4492,João Gabriel,34,F,Aragão
93128526,Nathan,29,F,Moura
6983,Gustavo Henrique,56,M,Machado
735,Alexandre,25,M,Viana de Goiás
648,Murilo,20,F,Caldeira
3551096,Heloisa,59,M,Camargo do Campo
54635,Diego,26,F,Correia de Abreu
852,Maria,19,M,Peixoto Alegre
14055,Carlos Eduardo,46,M,Peixoto de Silveira
20109,Caroline,29,M,da Paz de Guerra
548,Gabriela,21,F,Porto
683,Lucas,33,M,Carvalho
892,Bruno,55,M,Castro Alegre
3145,Isaque,53,F,Porto
886,Raquel,44,M,Mendes da Mata
865,Augusto,18,M,Sousa Paulista
5371,Isis,41,F,da Luz
985082,Alice,53,F,Borges
4170,Allana,26,M,Cunha
312,Lívia,59,F,Dias
24377,Stella,25,F,Vieira
16709248,Ana Vitória,20,M,Silva
530654,Bryan,46,F,Abreu
123814,Maria Liz,28,M,Rocha
565,Vinícius,28,M,Souza
942,Alexandre,28,F,Cunha do Oeste
6518705,Kaique,21,F,Sá
6311,Ana Beatriz,27,M,Andrade do Campo
754,Esther,48,F,Marques do Sul
804,João Pedro,26,F,das Neves de Siqueira
95482,Arthur,47,M,da Mota de Minas
429,Heitor,33,M,Mendonça das Pedras
684,Caleb,49,F,Montenegro do Campo
967,Ana Clara,39,M,da Luz
21419,Cauã,36,M,Sales
1707,Luiz Otávio,39,M,Cavalcanti
85509,Renan,32,F,Moreira de Mendonça
64781556,Maria Liz,32,M,Vargas da Praia
36980,Catarina,57,M,Correia das Flores
434302,Enzo,54,M,Martins
442011630,Leonardo,40,F,Cirino do Sul
7790508,Aurora,30,F,Montenegro
9244681,Ravi,52,M,Macedo
4056,Ryan,58,F,Sá
30363,Brayan,55,M,Almeida do Sul
3305,Henry Gabriel,41,M,Montenegro do Sul
1257,Maria Fernanda,30,M,da Conceição
2468142,Eduarda,48,M,Ferreira
7054,Pietro,40,M,Ramos
2926,Murilo,29,F,Nascimento
8491042,Yuri,19,M,Cunha
67586,Ana Luiza,57,F,Souza
2386,Fernanda,24,F,Mendonça
136,Yuri,55,M,Porto de Pastor
4135530,Davi Lucas,28,M,Aragão do Galho
562,Luana,58,M,Araújo
3551261,Bryan,59,F,Correia
671,Lucca,23,M,da Rosa
84681,Nicolas,51,M,Caldeira do Amparo
9404,Danilo,41,F,Sales
7433,Emanuelly,60,M,Castro
7482,Júlia,54,M,Garcia do Oeste
624,Benício,47,M,Barros
922,Carolina,21,M,Moreira de Borges
950401743,Theo,27,M,da Costa Verde
5819,Luiz Miguel,24,M,Camargo
6122990,Nicole,23,F,Sá dos Dourados
495,Lorenzo,59,M,Farias
999,Manuella,25,F,Pastor
83492,Jade,19,F,Fogaça
78448,Dom,42,M,Dias
4130311,Yan,27,M,Dias Paulista
144,Vitor,59,M,Machado de Minas
293,Isabel,47,F,Sales
174,Ana Júlia,31,M,Castro da Serra
376081,Marcelo,52,M,da Mota de Novaes
5562,Sofia,37,F,Dias Alegre
13472,Lucas,53,M,Barbosa Grande
2694,Ana Lívia,59,M,Andrade
59782151,Luiz Henrique,23,M,Mendes de Sales
296,Luiz Fernando,32,F,Nascimento do Sul
3195,Levi,22,F,Teixeira do Galho
432335,Luiz Fernando,21,M,Garcia do Norte
13700,Henrique,45,F,Casa Grande
9791,Fernando,54,M,Cunha do Sul
152910,Milena,60,F,Souza
32555,Luiza,33,F,Barros Grande
103,Ágatha,60,F,Moraes
42940,Brayan,42,F,Cirino de Minas
1550,Aylla,44,F,Andrade
978,Sofia,20,M,Mendonça de Marques
538,Sophie,58,F,Câmara
386,André,51,M,Sá de Marques
9939,Yago,33,F,Cunha de Santos
561,Arthur Miguel,27,F,Mendes das Pedras
7896,Alícia,37,F,Campos de Machado
69677,Mariane,48,F,Pires do Sul
883,Raquel,47,M,Dias Grande
11254,Yan,35,M,Alves
1935462,Eduardo,29,M,Cavalcante das Flores
8252,Carlos Eduardo,60,F,Brito
9767,Gabrielly,47,F,Nascimento
5476357,Ana Lívia,43,M,Borges do Oeste
702,Rhavi,58,M,Leão das Pedras
1205384,Leandro,59,F,Rios do Sul
6418,Isabel,55,F,da Cunha de Vieira
4380,Benjamin,35,F,Ferreira de Novaes
24135,Yuri,42,F,Azevedo de Goiás
6000,Enzo,44,M,Rezende Alegre
584442,Laís,51,F,Siqueira da Serra
781,Lavínia,35,F,Aparecida
730755,Gael,58,F,Moreira
152,Lucca,54,F,da Cunha
120,Bella,49,M,Jesus do Norte
1986862596,Yago,43,F,Novais
4610,Clara,53,M,Rodrigues das Flores
9049,Ana Luiza,28,F,Rodrigues do Amparo
643,Kaique,44,F,Sá do Norte
755,Alícia,42,M,Brito
3370,Vitor Gabriel,24,F,das Neves das Pedras
712359619,Júlia,18,M,Montenegro
453528,Benício,56,F,Rios
7637,Maya,32,F,Cunha
1679,Vinícius,42,F,Lima Grande
796,Bianca,46,M,da Luz Grande
74932,Emanuelly,55,F,Campos das Pedras
28190,Brayan,48,F,Gonçalves
211,Maria Alice,26,F,Camargo
7246,José Miguel,60,F,Aparecida Alegre
107,Ana Liz,58,M,Barros
64845,Gael,42,F,Fonseca de Pires
56036,Luiz Felipe,57,F,Fernandes da Serra
2031,Ester,31,M,Borges Paulista
87755,Bella,49,F,Alves
300,Guilherme,50,M,Costela de Cavalcante
220,Agatha,25,F,Barbosa do Amparo
3134,Isaque,51,F,Silva
871798,Helena,36,M,Machado de Lima
647,Luan,40,M,Rocha do Galho
460078,Arthur Miguel,23,M,Albuquerque da Serra
667788,Eduardo,56,F,Gomes
9133,Natália,33,M,Lima
9887,Julia,35,M,Câmara
9439,Mariah,52,M,Rodrigues
6113,Marcela,31,F,Rios
846,Benjamim,50,M,das Neves
406,Nicole,49,M,Alves
7884,Fernanda,51,F,Pires de Viana
313932,André,20,F,Lima de Moura
590,Juan,20,M,Gonçalves de Farias
357436,Mathias,19,F,Mendes
1557456,Rafael,29,F,Pires
87819,Joaquim,39,F,Gomes
3437644,Raquel,42,M,Silva Paulista
98495,Bruno,20,F,Pastor
649,Carlos Eduardo,53,F,Lopes de Minas
68093,Davi,59,M,Pacheco do Oeste
8897,Guilherme,55,M,Marques de Leão
3951,Guilherme,30,M,Brito Verde
918,Antônio,21,M,Dias da Serra
594907,Cecilia,53,M,Cunha
374406,Pietro,20,F,Duarte de Minas
8665,Gabrielly,58,M,Vargas
5135,João Lucas,36,M,Garcia de Lima
13236,Pedro Henrique,49,F,da Paz de Minas
430,Diogo,53,F,Vasconcelos
1365,Francisco,39,M,Freitas
287,Matheus,53,F,Macedo
854707,Marcos Vinicius,27,M,Oliveira de Goiás
9418,Sabrina,31,M,Souza de Nunes
763,Pedro Henrique,55,F,Monteiro
9384,Anthony,43,F,Alves Verde
90931,Isabelly,45,F,Macedo do Oeste
9243,Levi,53,M,Monteiro de Guerra
92281,João Lucas,24,F,Pastor do Galho
1666,Maitê,43,M,das Neves Alegre
70356,Alexia,45,M,Mendonça Paulista
1211,Levi,31,M,Cirino de Cavalcante
6841,Rodrigo,52,F,Montenegro
9402,José Pedro,56,F,Aragão
90725,Natália,29,F,Martins
8641995,Augusto,29,M,Santos das Pedras
748,Manuella,24,F,Pacheco da Serra
6805,Enzo Gabriel,27,F,Leão de Pereira
4655798,Maria Julia,31,F,Ribeiro Grande
602801,Fernando,37,M,Sousa dos Dourados
895,Lorenzo,24,F,Martins
8808623,Sofia,40,M,Sousa de Sampaio
996374,Luiz Fernando,31,M,Moura
28939159,Sara,52,F,Ferreira do Amparo
570,Olívia,46,F,Aragão
74498,Maria,49,M,Cunha
690608,Aurora,36,M,Moreira de Rios
66087,Caleb,56,F,Moraes
37857,Luna,29,M,Machado do Campo
309812506,Ana Sophia,30,F,Silveira
566,Lunna,36,M,Cavalcanti
233,Gael Henrique,36,M,Gonçalves
9101,Carlos Eduardo,35,M,Jesus
9431,Brayan,28,F,Cirino
5256,Milena,49,F,Pereira
7575,Ana Laura,49,M,Jesus
464,Olívia,60,M,Sales
914,Enzo Gabriel,56,F,Pacheco de Alves
4706,Maya,19,M,da Paz da Prata
3817,Benjamim,32,M,Albuquerque de Novaes
768,Esther,34,M,Oliveira
4994,Isabella,31,M,Rodrigues
3113,Matheus,31,F,Pastor
896,Letícia,22,F,Correia
666,Arthur Gabriel,53,F,Ramos
316,Maria Alice,54,M,Andrade
242,Aylla,53,M,da Costa
453279,Lavínia,38,M,Rios de Minas
877,Ana Lívia,42,F,Rezende das Pedras
5412,Mariana,35,F,Nogueira
3153223,Sophia,50,F,Novais da Prata
5332,Ayla,22,M,Vieira do Galho
608002248,Carlos Eduardo,22,M,Nogueira
6520,Cauã,53,F,Campos
47074,Catarina,40,M,Cavalcante
917,Bernardo,41,F,Gonçalves
1081,Hadassa,48,F,Nunes de Leão
66984,Paulo,49,M,Araújo
469,Marcelo,37,M,Martins
6731,Maria Flor,55,F,Sousa
579,Guilherme,18,M,Abreu Grande
57753,Isabel,23,M,da Mota da Praia
526,Marcos Vinicius,50,F,Jesus
79944,Marcelo,49,M,Viana
678,José Miguel,33,F,Moura
99984,Juliana,57,F,Moraes de Rodrigues
950,Carlos Eduardo,35,F,Sampaio
108127938,Isabelly,28,M,Camargo
965,Ryan,35,M,Viana
7287,Antony,42,M,da Conceição dos Dourados
908,Luigi,29,M,Macedo do Galho
353508,Stella,58,F,Novais
93337,Jade,45,F,Guerra
717014,Aurora,54,M,Camargo
88065,Juliana,33,M,Melo
79824,Pietra,50,F,Oliveira de Fernandes
430454,Fernando,44,F,Nogueira dos Dourados
7860,Luiz Gustavo,58,F,Rodrigues
7741039,Beatriz,26,M,Abreu
3428,Olívia,51,F,Macedo
365,Bruna,36,M,Leão
4756,Julia,31,F,Campos
9565,Laís,25,F,Ferreira
21867,Nicolas,52,M,Camargo do Galho
375,Emanuella,25,M,Pacheco do Sul
8996,Hadassa,35,F,Nascimento da Serra
6507,Lorenzo,59,M,Araújo Grande
15477,Vinícius,25,M,da Cruz
612,Maria Laura,54,F,Duarte
80080179,Rodrigo,60,M,Barros
8481,Gabriel,36,M,Pimenta do Campo
945,Eduardo,55,M,Mendes
174874,Isabel,59,M,Leão
18211,Leandro,48,M,Cardoso do Oeste
6921,Melina,34,M,Cirino de da Rocha
995610,Isabella,46,M,Pimenta de Goiás
218056,Murilo,31,M,Fernandes
9488,Zoe,47,F,da Conceição
56701,Stella,54,M,Sampaio
522357982,Mariane,32,M,Martins
897,Asafe,51,F,Teixeira de Pimenta
907,Eduardo,58,F,Novaes de Nascimento
9657918,Emanuelly,29,M,Farias
3522,Anna Liz,42,F,Moura de Pastor
934,João Miguel,47,F,Lima
7620903,Manuella,33,M,da Rocha do Campo
102,Isabelly,52,F,Montenegro da Serra
101,Agatha,37,F,Gomes
2976,Ana Vitória,40,M,da Mota
3887,Ana Laura,44,F,Cirino do Norte
798,Fernanda,34,M,Cavalcanti do Amparo
50310,Nathan,50,F,Moreira
480504,Julia,38,F,Pinto
532,Helena,28,M,Costela
615,Maria Vitória,46,M,Carvalho
1443,Ana Clara,51,M,Leão das Flores
82658,Thomas,56,M,da Cunha
7682,Fernanda,45,F,Rezende de Oliveira
3311,Ian,54,F,Lopes de Freitas
4014,Benjamin,31,F,Borges do Norte
124191,João Vitor,27,M,Machado do Galho
276771,Ísis,59,F,Fogaça do Amparo
4290,Luiz Gustavo,51,F,Cavalcante do Norte
5456,Elisa,21,F,Novaes da Mata
114,João Gabriel,26,F,da Mota
4403,Isabel,55,F,Silva
231,Marcos Vinicius,30,M,Nascimento
789,Mateus,46,F,Pacheco do Norte
115,Pietro,39,F,Moura da Prata
9395,Ana,22,M,Castro de Minas
62430337,Luiz Felipe,35,F,Viana
9995,Brenda,35,M,da Rocha
717,Pedro,21,F,da Conceição de Silva
987080,Eduardo,37,F,Dias
278,Erick,48,M,Sousa de Dias
80694,Ágatha,24,F,Correia de Melo
145326252,Luísa,29,F,Ramos
52459982,Valentim,37,F,Dias
841204,Arthur Gabriel,24,F,Santos de Minas
3520,André,56,F,Oliveira
9048,Maria Fernanda,21,F,Mendes de Minas
957,Sofia,39,M,Rios
745,Aylla,20,F,Vasconcelos
7311,José Pedro,25,F,Melo
332,Lorenzo,31,F,Gonçalves
310,Léo,35,F,Novais
91130,Maria Alice,29,M,Silveira
513,Alexia,59,F,Ramos de Sampaio
43971,Luiz Felipe,50,F,Cardoso
838,Alice,19,M,Carvalho Verde
83860,Yago,36,M,Pastor
53102,Isaque,38,M,Fernandes
9755785,Lara,21,F,Cavalcante
97933,Sophia,26,F,Teixeira do Sul
637,Lavínia,45,M,da Cunha do Norte
680,Caio,56,F,Pastor
9917,Luiz Fernando,46,M,Aparecida Paulista
2557,Bruna,50,M,Dias
622038,Paulo,38,M,Aparecida
116,Davi Luiz,44,M,Mendonça de da Paz
121,Cauê,30,F,Gomes
7612,Yuri,39,F,Cunha
16834,Asafe,53,F,Andrade de Minas
516,Isaque,39,F,Cirino
63373785,Manuella,57,F,da Mota das Flores
2455,Leonardo,51,M,Vieira
3482,Noah,22,F,Peixoto da Praia
6313953,João Felipe,34,M,Freitas das Pedras
6488962,Maria Eduarda,50,F,Novais dos Dourados
110659894,Enzo,37,M,Sampaio
2506,Alana,35,F,Macedo
81747,Leandro,56,F,Vieira Verde
4477,Pietro,20,F,Moreira de Pastor
35539,Gabriela,21,M,Santos
395,Samuel,52,M,Teixeira
67612436,Luana,59,M,da Luz Paulista
327,Diogo,40,M,Nogueira
4259,Clarice,44,F,Macedo
855,Maria,56,M,Sá
8297,Maria Laura,18,M,Novais Grande
529727,Isabelly,51,M,Barbosa de Rezende
7534,Thomas,54,F,Siqueira dos Dourados
199825,Luísa,59,M,Machado Verde
357,Luiz Henrique,41,M,Ferreira de Minas
2125,Luigi,42,M,Cavalcanti do Galho
32895,Vitória,27,F,Rios da Praia
35765848,Luiza,51,M,Alves
3545,Mirella,29,F,Santos de da Paz
152425,Fernanda,37,F,Porto de Monteiro
240578,Arthur Miguel,45,M,Carvalho
714,Maya,20,M,Fogaça
6669,Cecilia,47,M,Azevedo
1601,Ana Liz,26,M,Andrade
9795,Apollo,56,F,Andrade da Prata
74547794,Maria Helena,51,F,Cavalcanti dos Dourados
489,Luiz Miguel,45,F,Dias
433215,Augusto,53,F,Cunha de Minas
466512,Davi Luiz,42,M,Câmara
1246,Sara,43,F,Gonçalves
214,Benício,29,F,Barros do Norte
3232,Brenda,36,M,Silva
85438,Maria,40,M,das Neves
97882,João Gabriel,23,F,Vasconcelos das Flores
67896682,Sabrina,31,F,Fogaça
278569,Samuel,45,F,Garcia Grande
3191715,Henry Gabriel,35,F,da Costa
50549743,Bárbara,55,M,Macedo
6124,Luiz Gustavo,53,F,Abreu
2174,Bella,35,F,Pimenta do Sul
35242,Clarice,26,M,Peixoto de Novais
94106384,Ayla,41,M,Pereira
6504,Dante,34,F,Fonseca
244,Francisco,32,M,Barbosa do Norte
8382,Natália,59,M,da Rosa
95614,Yago,32,M,Mendes de Minas
138,Marcos Vinicius,20,M,Sampaio de Siqueira
899736,Vinicius,40,M,da Paz
412443978,José Miguel,24,F,Pereira Verde
7204736,Sofia,37,F,da Mota de Monteiro
694800,Ravi,53,F,Moraes
74417,Gael,19,F,Farias
72235857,Alexandre,30,M,Mendes
693,Lara,27,F,Ramos
1932342,Liam,33,M,Nunes
9471,Augusto,19,F,Brito
9002047,Maria Cecília,26,M,Cardoso das Pedras
694649,Eloah,40,F,Lima do Campo
473,Natália,54,M,Borges do Campo
5848,Léo,60,F,Castro de Jesus
66120,Ana,44,M,da Rosa
770841951,Eduarda,57,F,Cavalcanti Paulista
4274,Levi,29,M,Monteiro de Correia
805,Maysa,35,F,Nogueira
587,Théo,47,M,Farias de Minas
641,Ravi,25,M,da Rocha de Araújo
568,Enzo,49,M,Abreu dos Dourados
76783,Vitória,22,F,Mendes
4377900,Yan,50,M,Montenegro de Goiás
56394,Esther,23,F,Cavalcante das Flores
3365,Sophia,42,F,Pereira
45171,Lara,48,F,Viana
5024802,Melina,18,M,Cardoso
3065,Maria Julia,46,F,Rocha do Galho
1498030352,Maya,60,M,da Conceição
840,Bella,60,F,Teixeira
414,Davi,40,F,Pastor
115699,Diego,57,M,da Conceição
935096,Mariane,60,M,Nogueira
8471,Aurora,48,M,Mendonça
8206,Elisa,22,F,Barbosa
79037,Lavínia,40,M,Sampaio
3330,Gustavo Henrique,21,F,Sales
5859,Davi,47,F,Campos da Prata
51142,Thiago,42,F,Teixeira Verde
9135,Carlos Eduardo,36,F,Moreira
22471,Gabriel,43,M,Vieira de Minas
6817,Pedro Henrique,27,F,da Rosa
751,Luísa,28,F,da Mota do Oeste
6250,Isabel,39,F,Souza
408254,Bárbara,52,F,Garcia
80427,Mariane,20,M,Nascimento
38854,Allana,25,M,Brito
2221,Heloísa,26,F,da Costa
3583,Maria Eduarda,30,M,Sales
499,Lorena,23,F,Novaes
2276,Gael,55,F,Vargas de Goiás
6416,Kevin,37,M,Costa
447,Arthur Gabriel,54,M,Cassiano
237,Lorenzo,19,F,Pires
308,Pedro Lucas,22,F,Albuquerque
16388,Liam,58,M,Ferreira da Praia
9836460,Maria Clara,47,M,da Mata da Prata
5378,Clarice,22,F,Ramos
79697,Diogo,47,M,da Cruz Grande
5780,Theodoro,44,F,Viana da Serra
76834,Felipe,54,M,Silva da Prata
6076963,Enrico,51,F,Souza
46985,Renan,57,M,Aparecida
6172022,Bernardo,50,M,Costela
4647,Luna,30,F,Cavalcante do Sul
36747468,Olívia,54,M,Costela das Flores
459982,Vitória,27,F,da Paz Alegre
9465,Rafael,45,F,Carvalho do Galho
512259619,Gabrielly,38,F,Cavalcante da Praia
3127,Sophie,33,M,Almeida da Mata
279,Murilo,18,F,Lima
21925,Liz,39,M,das Neves
8833088,Maria Eduarda,60,F,da Conceição
776,Ana Luiza,42,M,das Neves das Pedras
71102,Antônio,21,F,da Mota
6073,Antônio,28,F,Fernandes
95507,Benjamim,18,M,Monteiro das Flores
9964062,Lara,50,F,Freitas de Goiás
4115,Eduardo,59,M,Sá da Praia
2380,Anthony Gabriel,36,M,Casa Grande
81694722,Cauê,47,M,Cavalcante de Ramos
45779,Lucas Gabriel,57,M,da Costa Alegre
621,Raquel,39,F,Caldeira Alegre
260879,Hellena,49,F,Barbosa
5788,Thiago,44,F,Moraes de Novais
983292,Otto,49,F,Monteiro
2671,Alexandre,44,M,Peixoto da Praia
5497,Juliana,29,F,Novaes
4501,Mateus,58,M,Novaes
12053,Manuela,43,F,Moreira
914164,Benicio,59,M,Santos da Mata
192458,Ana Vitória,48,F,Borges
6327,Anthony Gabriel,58,M,Pereira
6275,Daniela,35,F,Vargas
4287,João Felipe,24,F,Barros da Mata
1505,Ana Sophia,44,F,Gonçalves Alegre
54080,Hellena,41,F,Souza
274,Heloísa,34,M,Campos
390,Alice,52,M,da Paz do Galho
50707693,Maria Júlia,25,M,Camargo
9394,Manuella,47,F,Sampaio
618,José Miguel,43,M,Câmara
3197,Igor,18,F,Mendes
80121,Diogo,57,M,Nascimento Paulista
2067080,Isis,28,F,Alves
468175564,Ágatha,37,M,Almeida de Câmara
420284,Miguel,30,M,Costa de Casa Grande
551,Enzo Gabriel,52,M,Ramos
66061886,Ágatha,56,M,Abreu
60998,Otávio,30,M,Vasconcelos de Cassiano
8211210,Ana Carolina,41,F,Moura da Praia
1299,Julia,33,M,Farias
719307,Pedro,21,M,da Mata
3471,Maria Eduarda,32,M,Castro do Sul
1566,Luana,42,M,Fonseca Alegre
111370,Maitê,58,F,Leão
1385870285,Brenda,59,M,Cardoso do Norte
811003808,Gael,58,M,Cardoso do Amparo
424261,Cauê,29,F,Nogueira
2707698,Agatha,31,M,Cirino do Norte
79565,Theodoro,35,M,Camargo
65522,Raquel,47,F,Andrade
834,Caroline,59,M,Almeida
8905,Benício,42,M,Vasconcelos
983,Joaquim,55,F,Mendonça
1757,Maysa,42,F,Alves de Pimenta
318,Sarah,24,M,Mendes Paulista
868,Pietra,32,F,Novais
483,Lavínia,29,F,Farias de Sousa
62503628,Carlos Eduardo,25,M,Mendes
4891,Carolina,50,M,da Rocha de Almeida
337,Danilo,48,F,Fogaça de Viana
39083,Melina,23,F,Pimenta Grande
499804,Evelyn,49,M,Rios
446,João Guilherme,39,M,Abreu de Moura
62521019,Letícia,18,F,Sampaio do Sul
30961,Davi Lucca,20,M,da Cruz
6991,Joana,37,M,Vieira
50423500,Anthony Gabriel,20,M,da Rosa das Pedras
304,Bento,47,F,Gomes de Farias
506,Sarah,47,F,Pacheco
2799,Mariah,48,F,Cassiano
401,Pietro,56,F,Porto
960,Marcela,25,F,Cirino Alegre
62326,Maria Laura,33,F,Cavalcante
4126251,Laís,52,F,Alves do Norte
6295805,Helena,52,M,Rocha das Pedras
6735,João Guilherme,57,F,Souza
36519,Emilly,19,F,Costela
46372,Isadora,50,M,Moraes Verde
949,Bruna,42,M,Vieira
6100,Bernardo,44,M,Silveira do Amparo
661,Diogo,24,F,Cavalcante
8311274,Isabelly,30,F,Peixoto
591,Josué,34,M,da Paz dos Dourados
837,Vitor Gabriel,60,M,Cirino das Pedras
6590,Zoe,43,F,da Cruz
60571,Alana,46,F,Nogueira
2155,João Guilherme,28,F,Azevedo dos Dourados
455826,Hadassa,38,F,Ferreira de da Luz
408923,Ana Luiza,32,M,Pires do Sul
2778,Davi,31,F,Santos
6807,Bento,46,M,Monteiro
687,Raul,40,F,Siqueira de Aparecida
219,Valentim,30,F,Mendonça
3610035,Luiza,54,F,Teixeira das Pedras
4285900,Gabrielly,50,F,Pacheco de Pacheco
559,Mariana,25,M,Oliveira Paulista
387135,Cecilia,56,M,Machado de Goiás
4815,Olívia,55,F,Lima
9023,Sabrina,18,F,da Cruz
8985,Mathias,30,F,Cassiano do Campo
194821,Olívia,46,M,Borges Paulista
126,Asafe,41,F,da Cruz de Campos
798867,Enrico,27,F,Rezende do Sul
2565,Renan,40,F,Martins
441,Carlos Eduardo,28,M,Cirino
1061,Lara,52,F,Pastor das Pedras
49923,Pedro Miguel,34,F,Aparecida
70423,Clara,23,M,Guerra
10596,Gustavo Henrique,49,M,Melo do Galho
82842111,Raul,31,M,Gomes de Santos
351,Jade,21,M,Rios
351537,Yasmin,21,F,Sousa
655,Alice,53,F,Leão
66796222,Hadassa,44,M,da Mota
289821,Maria Laura,25,F,Ferreira de Goiás
376,Sophie,22,M,Barbosa Alegre
7980,José,22,M,Silveira
808500157,Dante,46,F,Ribeiro da Praia
762,Davi Lucca,24,M,Barbosa de Cunha
502,Nina,58,F,Silveira Paulista
38334,Pedro,21,F,Machado da Mata
557,Eduarda,35,M,Cassiano de Sales
3216,Maria Helena,59,M,Fonseca de Goiás
4578,Rael,53,F,Lopes da Serra
400,Diego,41,M,Santos do Sul
1893,Lavínia,43,M,Pires do Galho
609,Luigi,32,F,Mendonça de Carvalho
471,Nicole,29,M,Ramos
951,Antônio,55,F,Caldeira de Cavalcanti
48159,Helena,53,F,da Luz Alegre
372,Carolina,20,M,Farias
99191,Maria Júlia,25,M,Lopes
59806,Benjamin,42,M,Mendes de Goiás
264,Ravi,46,F,Casa Grande de Porto
976,Isabel,22,F,Souza de da Costa
7194,Thomas,42,F,da Cruz Paulista
31978,Guilherme,34,M,Ferreira
228,João Vitor,39,F,Costa de Minas
7352,Diego,56,F,Sousa Grande
8575681,Heitor,56,M,Marques
302,Leonardo,35,M,Vargas
48181,Gustavo,40,M,Vieira
730,Valentim,30,F,Pimenta de Goiás
595,Ana Laura,20,M,da Cruz do Norte
9702,Maria,26,F,Pinto de Campos
300068,Emanuel,27,F,das Neves
19625,Amanda,32,F,Ferreira
953,Lavínia,28,M,Ribeiro Grande
100,João Lucas,18,M,Castro
9635,Josué,51,M,Martins de Novais
839360,Sophia,41,M,Costa do Oeste
8190033,André,52,F,Melo do Campo
787,Isabela,59,M,Sales de Minas
7636365,Leonardo,42,M,Freitas
402,Maria Vitória,19,M,Martins das Pedras
802,Leandro,32,M,Borges de Andrade
4363,Henry,27,M,da Cunha de Minas
1983,Enzo Gabriel,47,M,Melo
415,Alexia,26,F,Melo
6046137,Rafael,42,F,Lopes
60380,Igor,20,M,da Rosa
9731,Lucas,45,F,Cunha
941,Bryan,35,F,Montenegro do Sul
18301,Maria Laura,36,M,Barbosa
1439,Mathias,25,F,Mendonça
336,Leonardo,32,F,Campos
86532,Mariane,48,M,Caldeira de Carvalho
3579,Thomas,18,F,da Paz da Serra
564,Fernanda,58,F,Siqueira do Campo
7419100,João Guilherme,60,M,Novais Verde
351743,Thomas,37,M,da Luz do Amparo
487701,Ana Carolina,53,M,Azevedo do Campo
1840,Stephany,41,M,da Paz
4982,Nicole,19,F,Moraes
3660,Erick,53,F,Mendes
532038,Danilo,27,M,Cardoso da Serra
3791,Ana,50,M,da Cunha
208676,Elisa,49,M,Machado de Goiás
991,Marina,57,F,Pimenta
66679,Ravi,33,M,Araújo Alegre
368072,Isabelly,53,M,Barbosa
461,Leonardo,55,M,Aragão das Pedras
2783,Gabriela,18,F,Ferreira da Serra
6938,Ana Beatriz,26,M,Brito
9204,Léo,25,F,da Mata do Norte
30817,Brenda,53,F,da Conceição
292000,Brayan,24,F,da Mota
251,Eduarda,31,F,Costela
4883158,Ana Liz,27,F,Barros
2255,Rael,60,F,da Costa
695098,João Felipe,48,M,Almeida Verde
94557,Isadora,32,F,Vasconcelos
928117,José Miguel,33,M,Cavalcanti Paulista
629114,Pedro Henrique,52,M,Mendonça das Pedras
2070,Lorena,53,M,Porto
2030,Luísa,26,F,Sales dos Dourados
311,Allana,43,M,Pimenta do Amparo
215,Mathias,47,M,Machado Alegre
6079680,João Lucas,22,M,Campos
4921,Olívia,29,M,Rezende de Minas
50465,Letícia,24,M,Moura
972,Maria Alice,50,F,da Mota
438,Maria Helena,51,F,Machado Paulista
3286,Yan,45,F,Fonseca
2999,Nina,55,M,Viana das Pedras
1691,Diogo,27,F,Souza
405285,Anna Liz,52,F,Mendes da Mata
246,Brayan,55,M,Ribeiro de da Cruz
2466,Calebe,37,M,Camargo dos Dourados
934943,Jade,29,M,Casa Grande
261,Lucas,34,F,Duarte
635536394,Alana,56,F,Gonçalves das Pedras
16282,Lorenzo,31,M,Teixeira
44915,Dante,59,F,Moura Alegre
409555121,Nathan,42,F,Sampaio
17170447,Vicente,56,M,Souza
696,Nathan,35,F,Teixeira Alegre
985,Otto,59,M,da Luz
8029738,Luiz Fernando,24,F,da Rocha
1956,Kaique,37,M,Casa Grande
591232,João Lucas,49,M,da Mota de Cunha
46675,Maria Júlia,55,F,Gomes
15983,Marcela,32,M,Brito
9479,Ana Julia,56,M,da Luz
1459,Maysa,43,F,Barbosa de Andrade
547,Ryan,33,F,Lima Grande
70037,Augusto,20,F,Castro
134437,Melissa,29,M,Mendonça
963446,Ian,46,F,Jesus
659732507,Olívia,25,F,da Mata
9098,Bárbara,55,M,Almeida do Galho
348,Melissa,29,M,Freitas
449809,Marina,48,M,Gonçalves
29996,Emanuella,34,F,Melo
263644202,João Vitor,19,F,Santos
810655,Bella,55,F,Vieira Grande
435,Maria Flor,59,M,Moura
6445,Jade,58,M,Alves do Oeste
6208,Pedro Miguel,29,F,Fonseca
6514,Thomas,46,F,Oliveira
44319,Lucas,27,M,Gonçalves de Minas
620,Otávio,20,F,Almeida de Souza
1152777,Ana,49,F,Cassiano
90607,Valentina,22,M,Marques
60379,Marcos Vinicius,26,M,Farias do Norte
8604,Gael,19,F,das Neves de Rodrigues
20262,Cauã,45,M,Oliveira
90750,Maria Luísa,22,F,Moreira de Viana
66166,Marina,54,F,Cunha do Campo
82747514,Lunna,27,F,Casa Grande
743,Maria Flor,26,F,das Neves do Norte
9398,Luiz Felipe,21,F,das Neves de Dias
946,Maria Flor,47,M,Pimenta
446157,Maria Clara,23,M,da Rocha
23981,Ana Vitória,41,M,Sá
817976671,Luísa,21,F,Barros
2775,Breno,50,F,Barbosa Grande
55969,Natália,19,M,Montenegro de Vargas
71426,Maria Alice,52,M,Lopes de da Costa
814258,José Pedro,40,F,Sampaio da Serra
585,Melissa,48,M,Souza
3501845,Yasmin,49,F,Correia
27877,Luigi,22,M,Martins do Galho
113,Fernanda,54,F,Cavalcanti
67255423,Vitor Gabriel,52,M,Aparecida
18784,Isadora,24,M,Dias
4319,Isaac,40,M,Machado
509,Davi Luiz,34,M,Pires de Costa
31106,Hadassa,27,F,Azevedo
7969,Daniel,30,F,Nogueira
6235,Bruno,51,F,Moura do Amparo
2636,Raul,49,M,Costela de Casa Grande
705,Luan,49,M,da Paz das Flores
531,Kamilly,19,M,Nunes de da Rosa
3385,Carlos Eduardo,29,M,Leão
2220,Benicio,29,M,Novais do Oeste
7125,Murilo,57,F,Azevedo
79571,Isadora,27,F,Cirino do Amparo
41497466,Francisco,25,F,Macedo de Novaes
194333,Rodrigo,54,F,Cardoso do Campo
2640618,Miguel,55,M,Sousa do Norte
267723,Samuel,18,F,das Neves de Vieira
7257,Cecília,43,M,Melo do Oeste
773,Luana,31,F,Montenegro do Campo
29110,Juliana,45,F,Pimenta da Praia
738,Nina,24,F,Vasconcelos
606632,Ana,48,M,Silveira
969,Rodrigo,27,M,Pires do Galho
3935,Enzo Gabriel,43,F,Cirino
65347,Ravi,44,M,Castro de Brito
654,Isaac,31,M,da Cruz
3470,Luan,38,M,da Rosa
465,Amanda,49,F,das Neves dos Dourados
90097,Yasmin,41,F,Santos
81742,Gustavo Henrique,53,F,Carvalho do Oeste
3580,Matteo,18,F,Lima da Prata
7296,Bella,32,M,Fonseca
1012,Melissa,21,F,Castro
674,Alícia,45,F,da Rocha
7616,Arthur,24,F,Correia dos Dourados
9672,Bianca,30,F,Novaes da Mata
8043,Maria Eduarda,52,M,Duarte
923,Leandro,18,M,da Cunha
61197,Samuel,21,M,Guerra da Prata
23069,João Lucas,40,F,Rezende da Prata
882,Juan,47,M,Siqueira
4845076,Maya,49,M,Nogueira
7976,José Pedro,23,M,Marques Verde
46126,Ana Vitória,18,F,Cardoso da Serra
977921,Bruna,36,M,Rios dos Dourados
10143,Helena,27,F,Nogueira da Prata
47655,Maria Laura,43,M,da Paz
3576,Brenda,56,F,Cavalcanti das Flores
462224,Luan,57,M,Mendes
32387426,Mariane,18,M,Pacheco
662,Heitor,58,M,Brito Alegre
91242,Zoe,37,M,Macedo de Montenegro
26216,Rafael,30,M,Campos do Norte
2430051,Maria Sophia,36,M,Aparecida das Pedras
7329,Natália,36,M,da Rosa do Norte
34397470,Josué,28,M,Aragão dos Dourados
1296369,Henry,18,M,Ferreira
962,Maria Liz,52,F,Fogaça
668,Mirella,44,M,Alves
1659,Heloisa,21,F,Gomes do Oeste
6986,Brenda,26,M,Sousa de Câmara
96840,Gael,28,M,Araújo de Minas
91960,Ana Carolina,28,M,Marques
1241,Sabrina,51,M,Moraes das Pedras
629180,Alice,36,M,Cavalcante dos Dourados
86921802,Mariah,43,F,Correia das Pedras
7535,Emanuella,52,M,Garcia
5613,Ana,32,M,Santos do Campo
50261,Maria Isis,22,F,da Conceição
2909,Natália,31,M,Santos de Martins
1589,Julia,55,M,Rezende das Flores
36674657,Vitor,39,M,Azevedo da Praia
65225268,Laura,46,F,Rezende de Nogueira
52501281,Brayan,41,F,Camargo
59183,Ravi,46,F,Barbosa do Campo
33533,Gabriel,29,F,Fonseca Grande
1709,José Miguel,23,M,Rios da Serra
7239,Marcos Vinicius,41,F,Campos
6889,Rafael,55,M,Sales de Gonçalves
779544,Mariah,46,M,Silva
3990,João Miguel,32,M,Mendonça das Pedras
19861579,Lara,35,M,Cardoso de Sampaio
820,José,60,F,Ramos de Minas
340167,João Miguel,49,F,Melo
70709,Murilo,34,M,da Rosa de Gomes
467,Thales,36,F,Viana
265648239,Kevin,38,M,Barros de Minas
32157378,Davi,38,F,Casa Grande
2132,Leonardo,19,F,Pacheco do Oeste
6046,Joana,25,M,Dias da Mata
7644009,Lara,20,F,Pimenta de Goiás
614,Yago,36,F,Vieira do Galho
91099149,Diego,43,F,Câmara Grande
7849,Anthony Gabriel,19,M,Farias
6842,Hellena,22,M,Cunha do Sul
889877452,João Vitor,35,M,Cirino
5214,Helena,18,M,Ferreira do Norte
387,Ana Luiza,33,M,Leão de Dias
999367,Sarah,43,F,Montenegro Alegre
1612,Lara,46,M,Sampaio do Sul
861,Luísa,20,M,Câmara
8680378,Rebeca,18,F,da Luz do Galho
32169,Cecilia,57,F,Gomes do Oeste
3711,Vitor,36,F,da Mata
162,Joaquim,41,M,Carvalho
719812,Gustavo,52,F,Câmara
411,Theodoro,39,F,Siqueira de Albuquerque
65765,Hadassa,19,F,Sá
9905,Antonella,52,M,Garcia
675,Eloá,28,F,Nascimento
33002053,Lucas Gabriel,53,M,Lima
3594,Luana,42,M,Albuquerque
410,Matheus,57,F,da Rosa
3233,Luna,30,M,Nascimento
84629,Fernando,42,M,Ramos de Minas
3145276,Bella,40,M,Porto
427,Ana Lívia,21,M,Fogaça
446740,Melina,45,M,Teixeira
5714,Emanuella,32,M,da Cunha de Costela
41700584,Melina,46,F,Sales
8153,Bernardo,40,F,Novais da Prata
460956,Stella,51,F,Moreira do Campo
71134,Liam,26,F,da Costa
486,Lívia,35,F,Novaes
59629,Amanda,21,F,Souza da Praia
21448,Maria Clara,34,M,Montenegro
9298,Cauê,22,F,Pimenta
5596,Isabelly,53,F,Sales
830,Helena,30,M,Camargo
8439,Ana Laura,33,M,Brito
7221,Igor,23,F,Carvalho
147195,Gabriel,40,F,Mendes
43790,Ayla,21,F,Barros
32348,Ísis,33,F,Farias
24779,Ísis,32,F,Souza da Praia
782533,Ágatha,48,M,da Rocha
9720,Luiz Otávio,52,M,Cassiano
7101,Pedro,47,F,Nascimento Verde
88754,Enzo Gabriel,57,M,Barbosa
710921,Luiz Fernando,59,F,Abreu das Flores
48116,Rael,33,M,Albuquerque
56126,Davi Lucca,52,M,Freitas de Santos
1187,Kaique,18,F,Oliveira das Pedras
7325448,Joana,43,M,Moreira do Norte
769,Bella,25,F,Carvalho do Galho
525,Nathan,57,F,Sousa do Sul
7472808,Amanda,25,M,Martins
18968,Alexia,39,M,Siqueira do Oeste
6026,Sabrina,33,M,Nascimento
9820,Liam,18,F,Lima de Minas
890,Gabriel,39,M,Andrade de Porto
484847,Renan,32,F,Albuquerque
626269,Maria Alice,22,M,Moreira do Galho
2492,José Pedro,49,M,Caldeira de Nogueira
95784,Juliana,20,M,Costela das Pedras
9884,Maitê,53,F,Novaes das Flores
3514,Maitê,28,M,Pastor de Cavalcanti
5797064,Juan,34,F,Nascimento
4144994,Letícia,26,F,Gonçalves
14794,Lara,32,M,Sampaio de Montenegro
82919,Maria,59,F,da Mota
1870,Sophie,38,M,Cavalcante
431,Emanuelly,34,F,Silveira de da Cruz
719,Isaac,41,M,Silveira
192,Brenda,43,M,Pacheco
16064,José Pedro,40,M,da Cunha
1607824559,Eloah,45,F,Costa
817,Ana Sophia,32,M,Teixeira Alegre
9326,Leandro,25,M,Barbosa Grande
439,Maria Luiza,48,M,Brito
4104,Marcela,40,F,Gomes de Vargas
108,Yuri,60,M,Cirino do Amparo
9361,Maria Clara,52,M,Cirino dos Dourados
4718472,Emanuelly,52,M,da Mota
938,Vitor Gabriel,51,F,Barros
3946,Calebe,32,M,Araújo das Flores
1287,Davi Lucca,38,F,Fogaça do Galho
88352,Breno,47,F,Novais
33471,Yasmin,45,M,Sousa Verde
3191,Clarice,50,F,Rezende
20650,Juan,59,M,Siqueira de Goiás
85549,Clarice,35,M,Santos
6122,Aylla,21,M,Fogaça de Castro
99668116,Asafe,36,F,Nascimento
9525,Enrico,45,M,Martins
3770,Brayan,26,M,Alves
252,Isabella,38,F,Rodrigues
85113,Liz,42,F,Alves do Galho
660371,Emanuelly,26,M,Carvalho
239,Isaac,55,F,Andrade
5599,Vitor,26,F,Cavalcante
1855,Maria Vitória,21,F,Barros Verde
62906,Calebe,56,F,Pires Paulista
736,João Lucas,30,F,Rodrigues
2086,Oliver,60,M,da Conceição dos Dourados
34688,Thiago,42,F,da Costa
1896,Emanuel,47,M,Alves do Oeste
753,Francisco,20,M,Pereira
79435273,Heloísa,33,F,Carvalho do Oeste
294,Mateus,29,F,Cassiano
903848,Francisco,28,M,Nunes Grande
3567,Bianca,56,M,Siqueira das Pedras
5244,Laís,51,F,Moraes das Pedras
982,Allana,28,M,Aparecida
8769,Antônio,56,F,Moreira da Praia
1370,Camila,32,M,Martins
39623,Brenda,30,F,Montenegro
338063,Luiza,60,M,Brito dos Dourados
449,Apollo,38,M,Albuquerque de Minas
2771,Davi Miguel,26,F,Cassiano
